{
  "n": 1000,
  "certified_frac": 1.0,
  "mean_halt": 9.720000267028809,
  "mean_halt_all": 9.720000267028809,
  "ref_iters": 150,
  "violation_rate": 0.0,
  "acc_ref": 1.0,
  "acc_cert": 1.0,
  "rho_eff_median": 0.7877196073532104,
  "L_readout": 0.16763287782669067,
  "depth_by_difficulty": {
    "1": 11.0,
    "3": 10.0,
    "5": 9.0,
    "7": 9.0,
    "9": 8.0,
    "11": 8.0,
    "13": 8.0,
    "15": 7.0,
    "17": 7.0
  }
}